행정동코드,유휴공간수,문화시설수,복지시설수,상권수,총인구,청년인구,노인인구,평균생활인구,평균청년생활인구,평균노인생활인구
1111051500,0,11,0,5,10876.0,2775.0,3024.0,16968.16245295696,4702.326344086026,3930.621754032254
1111053000,0,23,0,6,8898.0,2448.0,2633.0,29217.071404569884,8140.347943548383,7077.319072580631
1111054000,0,3,0,1,2114.0,489.0,798.0,4892.822607526889,1315.3471102150538,1145.9387970430107
1111055000,0,9,0,5,8926.0,2198.0,2743.0,11071.541962365582,2532.640436827953,2893.832264784945
1111056000,0,7,0,3,17071.0,3751.0,5519.0,18423.39622983871,3715.8222647849416,5089.407694892475
1111057000,0,2,0,1,7691.0,1584.0,2206.0,4929.226565860216,981.2694623655935,1285.5977150537635
1111058000,0,7,0,2,9438.0,2423.0,2382.0,10478.729287634405,2263.0855913978494,2754.6685819892464
1111060000,1,33,0,3,3620.0,834.0,1186.0,7828.876041666664,2147.3154166666695,1807.7109610215048
1111061500,0,45,1,11,6609.0,1924.0,2475.0,68208.47726478484,19724.34985215054,17420.799294354867
1111063000,0,4,3,9,5428.0,2159.0,1573.0,17173.085295698922,3996.3647715053717,4917.130786290329
1111064000,0,32,1,3,7057.0,2820.0,2008.0,39936.45590053763,12699.33747311827,8827.345853494618
1111065000,0,23,0,5,15652.0,6252.0,3784.0,21377.7168682796,8123.581196236554,4398.568568548389
1111067000,0,3,0,11,4416.0,1117.0,1874.0,8324.466176075275,1800.5863844086032,2395.2404166666674
1111068000,0,1,0,2,7174.0,1661.0,2872.0,5822.173434139786,933.2336021505384,2025.3791263440892
1111069000,0,0,0,1,6128.0,1607.0,2048.0,5068.378877688165,1048.0973857526878,1543.6073655913976
1111070000,0,0,0,1,5713.0,1475.0,1920.0,6295.366323924729,1262.5707459677417,1854.5460819892476
1111071000,0,3,1,5,10237.0,4558.0,2645.0,11396.118958333305,3344.594583333333,2836.7149462365596
1114052000,0,17,0,7,2186.0,615.0,387.0,31636.692224462295,9464.734307795676,7817.09770833333
1114054000,0,3,0,7,4096.0,910.0,1718.0,30307.815678763473,7784.2800268817255,7776.6648185483855
1114055000,0,12,0,7,2462.0,611.0,953.0,44651.597190860186,13920.522056451608,10289.69384408601
1114057000,0,7,0,3,4301.0,1663.0,1215.0,13923.70744623653,4188.145994623663,3594.9993884408577
1114058000,0,3,0,5,4529.0,1931.0,1212.0,10422.233393817218,3473.8771639784877,2313.145336021503
1114059000,0,1,0,7,5684.0,2400.0,1632.0,19703.56001344084,5589.519200268807,4803.546639784948
1114060500,0,4,0,5,3000.0,1199.0,691.0,14292.119166666667,3852.90299731182,4128.073528225801
1114061500,0,6,0,9,7416.0,2563.0,2343.0,13892.299018817237,3553.7913575268767,3740.6573252688177
1114062500,0,1,1,5,13021.0,3962.0,4248.0,13797.550604838716,3303.049227150541,3388.0308333333287
1114063500,0,2,1,2,15749.0,3884.0,5729.0,18607.204415322598,3698.716364247305,5130.851854838711
1114064500,0,0,1,1,10736.0,3102.0,3539.0,6120.048662634424,1465.4269489247313,1581.6539516129017
1114065000,0,0,0,2,9939.0,3159.0,2947.0,9738.525383064534,2153.4016666666685,2619.1537365591444
1114066500,1,1,0,1,9721.0,2274.0,3245.0,13269.001048387094,2706.2617405913957,3739.9318145161246
1114067000,0,1,0,5,13116.0,5347.0,3193.0,13795.841270161289,3838.430779569892,2940.4014381720403
1114068000,0,6,0,2,11849.0,3318.0,3138.0,12747.500288978486,2862.25067204301,3268.9126142473065
1117051000,0,8,1,4,15653.0,4855.0,4475.0,12791.877782258065,3070.6213776881673,3114.238608870965
1117052000,0,2,0,2,8498.0,2877.0,2711.0,10714.339737903221,3191.1711088709662,2068.5829301075264
1117053000,0,1,0,4,6996.0,2153.0,2465.0,20826.876418010776,6411.051592741917,5089.039643817206
1117055500,0,1,1,4,18651.0,7463.0,4946.0,22077.519334677414,7148.858602150549,5038.858649193547
1117056000,1,2,0,3,17025.0,6961.0,3232.0,13928.626223118266,4376.337204301077,3095.1773655914
1117057000,0,1,1,1,13390.0,4159.0,3648.0,13534.037076612914,3384.629549731184,3377.727768817196
1117058000,0,8,0,2,10390.0,3468.0,2404.0,9684.069657258065,2515.4574260752693,2314.296041666667
1117059000,0,0,1,3,11050.0,3453.0,3238.0,10339.678944892476,2356.468938172042,2658.6240389784925
1117062500,0,7,2,7,20889.0,7821.0,4983.0,58051.11290994625,20931.79565188172,11562.993595430076
1117063000,0,0,1,3,24919.0,5419.0,6394.0,24012.235282258054,4485.502856182796,6557.147620967739
1117064000,0,1,1,1,7737.0,2066.0,2537.0,4512.516572580646,908.5600806451622,1064.4889180107539
1117065000,0,4,1,6,5898.0,1902.0,1959.0,10278.256364247287,3914.5630712365587,2117.4060013440867
1117066000,0,1,0,2,8350.0,2780.0,2402.0,10586.05090053764,3067.466814516132,2213.748561827958
1117068500,0,16,1,8,13719.0,3823.0,3655.0,27707.306512096795,8026.689623655899,6167.74332661291
1117069000,0,2,0,3,12045.0,2853.0,3310.0,17197.918655913974,3855.5859879032305,4503.173393817208
1117070000,0,1,0,4,6684.0,1762.0,2375.0,5520.060477150545,1127.8313306451591,1597.8785752688177
1120052000,0,0,1,2,15774.0,4938.0,4152.0,12012.498770161304,2947.5893615591403,2918.7660349462376
1120053500,0,0,3,3,25540.0,7967.0,6270.0,27066.677533602102,7264.252184139774,6705.2513709677505
1120054000,0,0,1,6,21438.0,7454.0,6114.0,24611.68774193545,6926.363326612917,6120.689643817206
1120055000,0,2,1,3,11950.0,6575.0,2169.0,15352.534482526878,7663.32475134408,2633.8365524193555
1120056000,0,1,0,4,15457.0,5086.0,3698.0,33380.55600134404,9654.247856182805,7649.534677419347
1120057000,0,0,0,0,22412.0,5889.0,6028.0,20373.4082325269,4419.519321236562,5218.119771505375
1120058000,0,0,0,2,14433.0,3607.0,3677.0,12103.506545698923,2316.3561088709657,3207.3981854838667
1120059000,0,0,0,3,14277.0,3597.0,4093.0,13838.77177419356,2707.8161693548373,3396.8414045698946
1120061500,1,1,2,4,20566.0,5825.0,5714.0,20979.3281922043,4383.419717741935,5209.185712365595
1120062000,0,0,0,3,13869.0,3562.0,3818.0,14568.989778225807,2716.994159946241,3699.7230174731167
1120064500,0,2,1,3,25080.0,6735.0,6533.0,20274.558823924726,4091.122043010755,4812.512533602153
1120065000,0,3,0,4,14906.0,4834.0,4061.0,20528.187903225775,5920.714791666675,4991.4785483870955
1120066000,0,3,1,5,13548.0,4599.0,3382.0,21211.89520161288,6959.662594086004,4532.487076612899
1120067000,0,2,0,4,13692.0,3875.0,4694.0,16838.48209005377,4666.942083333329,4550.1940188172075
1120069000,0,3,0,4,9508.0,3245.0,2733.0,31833.259657258142,12292.611236559134,6464.079516129029
1120072000,0,1,1,2,9116.0,2802.0,2872.0,11632.081209677424,3299.8985685483867,2811.9286693548415
1120079000,0,2,1,3,13040.0,5559.0,3335.0,17361.639267473125,5215.261928763453,4262.074845430106
1121571000,0,3,0,7,22755.0,14713.0,3306.0,32163.30188172046,16395.368743279552,4748.343568548392
1121573000,0,4,1,5,18459.0,7410.0,4814.0,18383.04552419352,6393.346532258061,3878.5952956989213
1121574000,0,0,1,4,14865.0,5620.0,4108.0,15384.799596774197,4152.636989247318,3776.156418010754
1121575000,0,1,0,4,19752.0,6575.0,5672.0,19031.676135752674,4992.342903225805,4733.797533602154
1121576000,0,1,1,3,15164.0,4849.0,4806.0,14652.918313172035,3553.0166599462364,3801.2286155913994
1121577000,0,0,0,5,26759.0,7470.0,8946.0,31442.41993951611,7128.620913978492,8586.406478494624
1121578000,1,2,0,2,10811.0,4499.0,2499.0,13253.922896505339,4395.738965053762,2601.315678763439
1121581000,0,3,0,3,32964.0,6818.0,6518.0,36045.81040322581,8508.16887096774,9049.271686827955
1121582000,0,0,0,4,21509.0,7637.0,5759.0,21958.780860215065,6513.712392473117,5144.043346774193
1121583000,0,1,2,5,26401.0,8312.0,6801.0,27175.367909946202,6656.361774193526,6605.114395161287
1121584000,0,0,1,2,26669.0,7096.0,7130.0,30175.0263104839,7754.8676680107565,7306.852486559131
1121584700,0,4,0,6,19835.0,6847.0,6050.0,23082.924979838746,6795.581471774175,5465.620665322583
1121585000,0,0,0,5,22856.0,9089.0,5373.0,21066.482600806452,6626.238965053754,4687.29551747312
1121586000,1,2,1,2,24857.0,6563.0,7236.0,25101.030826612863,5808.816290322584,6409.398669354835
1121587000,0,1,1,5,27511.0,8164.0,7000.0,32697.357862903275,8707.839650537631,8004.21182123656
1123051500,0,0,0,0,16375.0,6588.0,3609.0,18911.14921370964,5163.14382392473,4823.949375000003
1123053300,0,0,2,0,22573.0,7625.0,6316.0,19442.012526881677,4470.216088709669,5182.142459677422
1123053600,0,3,0,12,0.0,0.0,0.0,0.0,0.0,0.0
1123054500,0,6,1,17,22291.0,7385.0,7521.0,24690.802022849413,5978.075524193553,6093.343958333342
1123056000,1,1,1,8,32262.0,9411.0,9113.0,38583.06264784948,9781.740981182778,9727.818393817217
1123057000,0,2,2,1,17349.0,3987.0,5693.0,18572.01793010754,4221.623084677422,4823.880201612904
1123060000,0,2,0,5,27251.0,8425.0,6545.0,25960.40475134409,6382.777741935496,6022.139233870963
1123061000,0,1,2,6,27346.0,7362.0,8828.0,28807.00165994622,5909.071129032259,7735.588870967741
1123065000,0,0,2,4,37034.0,10594.0,10768.0,35304.55372311829,8258.949905913976,8903.248037634414
1123066000,0,1,3,6,32786.0,8382.0,8585.0,33323.86674731186,7480.066512096771,8005.469321236569
1123070500,0,3,3,4,18005.0,4130.0,7774.0,20906.503024193546,3817.5073857526922,5433.399482526886
1123071000,0,2,0,4,10102.0,4866.0,2065.0,14614.777405913954,5817.1843077956955,2787.898205645163
1123072000,0,0,1,5,16660.0,7093.0,3502.0,15247.405806451625,5268.104012096779,3156.6539180107543
1123073000,0,1,0,1,23607.0,8622.0,6110.0,24135.073024193527,7819.653669354836,5285.474106182797
1123074000,1,2,2,3,24539.0,9948.0,4905.0,30581.938965053738,10823.919314516139,6277.457466397851
1123075000,0,1,1,1,18061.0,4588.0,5712.0,18183.567715053763,3835.0679637096755,4665.432459677423
1126052000,0,0,1,4,22978.0,5882.0,7947.0,26259.573958333338,5623.490181451615,7633.935766129035
1126054000,0,1,1,1,17509.0,4361.0,5915.0,17260.514959677424,3423.831176075272,4755.7152016129
1126055000,0,0,0,2,14058.0,3520.0,3958.0,13074.738279569909,2629.4877016129035,3490.977130376344
1126056500,0,1,1,5,31605.0,9513.0,10203.0,35145.824032258075,7900.762096774195,9755.611612903234
1126057000,0,1,1,3,20530.0,5584.0,7031.0,20698.79448924729,4063.046216397847,5651.897647849473
1126057500,0,0,2,6,23476.0,6387.0,8249.0,25106.426579301075,5400.578736559133,6838.549952956981
1126058000,0,0,0,3,22807.0,6164.0,6904.0,19886.950920698888,4392.584630376343,5137.272856182793
1126059000,0,2,2,5,21225.0,9477.0,5141.0,25860.822930107544,7986.241915322584,6012.200544354848
1126060000,0,0,2,2,17881.0,4935.0,6029.0,17792.07803091395,3797.9748454301107,4480.401377688169
1126061000,0,0,0,10,25489.0,7285.0,8713.0,24395.643447580638,4988.752103494632,6645.468521505372
1126062000,0,2,1,4,32991.0,8822.0,9592.0,31824.759892473103,6954.922217741924,8119.606780913971
1126063000,0,0,0,2,17626.0,4812.0,5861.0,21225.3195698925,4634.151586021514,5930.428891129033
1126065500,0,1,4,4,37916.0,10496.0,11418.0,43263.22067204294,9421.220188172025,10920.305826612883
1126066000,0,1,0,3,15196.0,3652.0,5721.0,11202.354495967757,2114.317620967741,3469.908709677422
1126068000,1,0,1,6,36607.0,8272.0,11711.0,40128.64330645161,8063.150866935489,10716.539314516132
1126069000,0,1,2,1,19022.0,4614.0,6522.0,16335.091525537626,3235.1791061827957,4103.08168010752
1129052500,0,10,0,7,15470.0,4853.0,4478.0,20879.525329301076,5294.013991935487,5358.403427419356
1129055500,0,3,1,5,21619.0,7046.0,5946.0,26314.917903225818,7438.576243279562,6545.640154569905
1129057500,0,2,0,4,14743.0,7040.0,3068.0,21068.464670698933,8736.211337365594,3925.426626344087
1129058000,0,1,0,0,13729.0,3501.0,4533.0,12707.30219086023,2658.0313978494596,3403.0235215053794
1129059000,0,6,0,0,22878.0,5212.0,5884.0,10543.819112903213,2171.949227150537,2703.0768481182777
1129060000,1,1,0,7,15447.0,7988.0,3141.0,23692.601854838747,10313.791370967734,4592.783393817196
1129061000,0,1,1,1,15748.0,5140.0,4017.0,17610.23321236558,4618.2437768817235,4560.206317204299
1129062000,0,1,0,2,17566.0,4366.0,4791.0,15873.704489247322,3349.129092741932,4161.997694892469
1129063000,2,1,0,3,21668.0,5637.0,6909.0,20639.01605510753,4379.128561827957,5394.863252688169
1129064000,2,2,2,4,13795.0,5009.0,4329.0,14536.05418682793,5233.468682795699,3124.001774193548
1129065000,0,0,0,4,23513.0,5727.0,7568.0,23289.973541666688,4869.378319892469,6491.156982526879
1129066000,0,1,0,3,35437.0,7249.0,7165.0,32868.224831989224,7380.572385752684,8019.351532258057
1129068500,0,1,0,3,21362.0,5253.0,4827.0,20577.447036290316,4637.852466397854,5321.684079301066
1129070500,0,1,1,6,36798.0,9853.0,10634.0,38208.38674059145,9481.482674731196,9584.124193548396
1129071500,1,1,0,4,24661.0,5644.0,7341.0,24865.28384408601,5408.609784946237,6552.274489247314
1129072500,1,3,1,3,18338.0,5878.0,5514.0,24679.393124999984,6374.795100806445,6076.966901881708
1129076000,1,1,0,4,22700.0,5828.0,6766.0,23165.64494623656,5020.0810483871,6313.561263440863
1129077000,0,1,0,5,15649.0,4502.0,4987.0,13836.218326612872,2994.618232526874,3600.2413709677407
1129078000,0,0,1,1,18641.0,4992.0,4272.0,13461.637916666668,3099.1234744623666,3256.191686827962
1129081000,0,2,0,10,32797.0,8849.0,11103.0,29468.953971774146,6671.263938172065,8160.340947580637
1130553400,0,0,0,4,24459.0,5848.0,8199.0,23809.139354838713,4886.384354838709,6544.590080645167
1130553500,0,0,0,4,20202.0,5976.0,7129.0,21106.00370295695,4956.278501344083,5649.1521639784905
1130554500,0,1,1,5,27370.0,6907.0,9296.0,32174.194630376354,7105.300698924737,8641.352298387093
1130555500,0,0,0,6,21936.0,4962.0,8695.0,27445.591377688183,5290.494751344083,7579.486028225794
1130557500,0,1,0,2,29987.0,6305.0,7402.0,24771.213326612884,4782.579724462367,6496.177795698933
1130559500,0,0,0,5,16040.0,5012.0,5100.0,20603.074905913985,5031.73600134408,5658.598104838711
1130560300,0,1,0,2,14328.0,3108.0,5877.0,15870.328877688218,2836.054018817205,4144.084764784953
1130560800,0,4,1,1,15610.0,3060.0,6546.0,18120.718245967728,2977.6309206989295,4744.573682795695
1130561500,1,1,0,7,19298.0,5098.0,6892.0,18063.474018817193,3926.1219623655847,4836.163071236563
1130562500,0,3,0,5,19954.0,4572.0,7634.0,20153.943629032237,3730.2664784946296,5538.239280913977
1130563500,0,0,0,8,22375.0,7146.0,7366.0,27082.269858870965,7280.807553763444,6945.610766129023
1130564500,0,1,0,6,19349.0,4298.0,7311.0,23968.448232526855,4467.025436827952,6651.873420698917
1130566000,0,1,1,8,28020.0,6312.0,10686.0,28506.4735819892,5351.268124999997,7604.651088709675
1132051100,0,1,1,2,23378.0,5813.0,7429.0,22665.46883064516,4821.196088709677,5971.368037634413
1132051200,0,0,0,2,27480.0,7064.0,8987.0,28055.500369623733,5748.769240591393,7594.566733870977
1132051300,0,0,1,2,12742.0,2739.0,4660.0,13301.275275537637,2431.084805107528,3823.511760752693
1132051400,0,3,1,2,25942.0,6817.0,7519.0,32180.559079301074,7135.397224462366,8713.25434811829
1132051500,0,0,0,4,23284.0,6240.0,7442.0,25361.149522849464,5683.677654569881,6745.388931451611
1132052100,0,0,3,4,19440.0,3786.0,8614.0,24937.160880376345,3879.9245430107576,7057.006740591398
1132052200,0,4,0,3,25554.0,5618.0,10004.0,26795.67719086023,4801.754791666669,6924.148434139792
1132066000,0,3,2,6,20482.0,4916.0,7290.0,17981.630329301068,3649.094422043017,4729.607419354836
1132067000,0,2,1,2,17333.0,4112.0,6225.0,17158.65998655913,3511.1251747311853,4534.0541061828
1132068000,0,2,0,4,15949.0,4393.0,5392.0,15273.270409946239,3518.172970430106,3901.2594086021486
1132068100,0,2,0,1,17657.0,3916.0,5594.0,20639.400853494604,4066.905893817205,5278.754663978489
1132069000,0,1,0,5,27628.0,6280.0,9688.0,31254.773413978495,6160.467876344081,8897.062553763431
1132070000,0,1,2,4,17645.0,3670.0,7009.0,14511.317701612905,2404.3794354838674,4196.341834677426
1132071000,0,4,1,2,25385.0,5234.0,8765.0,23961.209018817193,4350.993225806454,6265.949294354834
1135056000,0,1,1,5,20078.0,5962.0,6212.0,21396.025887096755,5964.920739247321,5173.872170698927
1135057000,0,2,0,1,24822.0,5184.0,8954.0,24948.68907930107,4775.16807123656,6682.879240591393
1135058000,0,0,0,0,27839.0,7176.0,9244.0,30891.906700268813,6269.749946236563,7796.227822580645
1135059500,0,2,0,6,35191.0,11254.0,10494.0,37723.52483198925,10090.199590053768,9018.643870967742
1135060000,0,2,1,3,40695.0,12105.0,9503.0,46463.39516801076,13389.66494623657,10775.18377688171
1135061100,0,2,1,2,25422.0,7073.0,7421.0,30442.303884408586,7642.020342741929,8036.18254704303
1135061200,0,0,0,0,19608.0,4652.0,4998.0,15692.287916666663,3288.881478494624,4267.3556586021505
1135061900,0,3,0,2,22233.0,4342.0,4405.0,25536.873293010747,6647.95065188173,6521.508225806454
1135062100,0,0,0,0,25977.0,4384.0,4464.0,25051.595819892453,5645.195073924742,6289.623844086017
1135062400,0,1,0,3,18600.0,3854.0,6036.0,19221.583024193566,3792.695954301082,5295.932735215053
1135062500,0,2,0,3,31490.0,7217.0,10931.0,31948.74273521506,6501.314569892477,8228.689422043008
1135063000,0,0,2,3,35997.0,8443.0,12269.0,39232.51491935481,7776.277909946225,10650.204227150516
1135064000,0,3,1,3,18580.0,4808.0,5926.0,26575.756323924674,7450.82397177419,7053.41391129032
1135066500,1,0,0,3,26613.0,5531.0,9510.0,26496.266236559117,4798.323447580649,7506.476505376338
1135067000,0,0,0,4,22152.0,5097.0,8031.0,21441.276404569893,4302.43180107527,6376.462809139775
1135069500,0,0,0,2,30309.0,8488.0,8165.0,40055.96625000006,9898.33106854839,10513.925651881713
1135070000,0,0,0,0,21239.0,6890.0,4636.0,20520.7571639785,5062.698440860213,4514.3734677419325
1135071000,0,0,0,1,18959.0,4817.0,5615.0,19838.443608870948,4349.414731182799,4969.877755376344
1135072000,0,0,1,1,17737.0,4936.0,4628.0,16335.159744623677,3981.4025806451727,4282.571552419354
1138051000,0,2,0,5,35103.0,9500.0,11172.0,40115.334690860174,8653.03612903226,10399.814368279587
1138052000,0,1,3,5,34424.0,9349.0,11196.0,32727.628340053747,6657.893830645147,8468.835994623667
1138053000,0,2,0,6,26181.0,7283.0,9426.0,27953.14231182795,5961.136693548382,7198.792204301067
1138055100,0,0,3,4,13993.0,3965.0,4625.0,19465.415463709676,5063.917674731181,4720.9398454301
1138055200,0,1,0,6,26779.0,7202.0,8291.0,25191.687513440877,5930.371606182798,6750.622399193543
1138056000,0,1,0,4,30648.0,7511.0,10056.0,31871.42909946232,7037.045665322587,8516.906693548392
1138057000,0,0,2,7,26990.0,9865.0,7805.0,35266.60506048392,9339.12188844086,8523.363602150546
1138058000,0,1,1,6,32004.0,9140.0,8394.0,29783.646686828008,6871.208689516114,7595.6888978494635
1138059000,0,0,1,2,26878.0,6158.0,6156.0,22864.722661290307,4621.933830645161,5395.649462365604
1138060000,0,2,3,5,22889.0,6219.0,8397.0,23155.42091397848,4868.170645161299,6058.335524193557
1138062500,0,1,3,3,44528.0,11735.0,13969.0,44960.91747311829,9844.16270161291,11669.654153225782
1138063100,0,1,0,3,25725.0,6932.0,8225.0,23892.445483870953,5277.320430107526,6270.654771505373
1138063200,0,1,1,3,18759.0,4849.0,6146.0,19178.13192204305,4014.4657862903236,4770.814616935473
1138064000,0,1,1,5,15257.0,3996.0,4497.0,12844.75882392473,2842.259751344084,3549.6893750000013
1138065000,0,3,0,2,21143.0,6146.0,5143.0,19645.605013440872,4407.443044354841,5418.5050201612885
1138069000,0,5,2,2,53836.0,12729.0,13745.0,59964.81320564509,13890.2710080645,15387.727278225777
1141052000,0,2,2,2,16323.0,4160.0,4950.0,16034.587607526868,3333.2427822580607,4278.4096438172055
1141055500,0,4,2,4,15106.0,4570.0,3590.0,11906.717022849458,2707.8412500000013,3207.3122311827938
1141056500,0,2,0,6,19224.0,6019.0,5292.0,40329.31410618277,11448.252735215061,9728.000624999984
1141058500,0,2,1,10,20222.0,12207.0,3021.0,43470.322009408585,20747.71133064517,7340.19315860216
1141061500,1,5,3,12,33123.0,12556.0,8596.0,36303.751155913975,11113.267674731182,8013.644401881715
1141062000,0,1,0,5,24281.0,6405.0,7413.0,26731.884307795695,5684.727177419357,7095.628111559143
1141064000,0,1,0,4,17290.0,4441.0,5724.0,19151.12471774195,4083.5671236559165,5022.468232526879
1141065500,0,0,1,0,11949.0,3121.0,3992.0,9926.00270161289,2163.902130376344,2628.054260752685
1141066000,1,1,0,3,23241.0,5930.0,7443.0,21387.326182795707,4333.432788978489,5783.786827956996
1141068500,1,2,0,4,27231.0,7462.0,8121.0,24653.00755376342,5610.093743279567,6629.152305107525
1141069000,0,0,0,2,16716.0,3625.0,3546.0,12864.245194892464,2799.5993817204303,2886.4583803763417
1141070000,0,2,0,4,28483.0,7662.0,7254.0,28523.565692204254,7115.8524731182715,6559.8061155914065
1141071000,0,0,0,2,17276.0,3852.0,4745.0,16310.31579973117,3257.5871706989246,4292.706176075272
1141072000,0,0,2,4,29682.0,7934.0,9867.0,28603.68490591395,6283.137728494626,7506.967775537626
1144055500,0,0,1,4,28994.0,8613.0,5818.0,28885.728494623632,6858.956848118279,6868.5932661290335
1144056500,0,1,2,7,35929.0,11918.0,9496.0,37850.12415322579,9205.84226478497,10119.430900537616
1144058500,0,0,0,3,20222.0,5997.0,5694.0,22661.51034274196,5662.349885752695,5932.593864247308
1144059000,1,0,1,4,21114.0,5243.0,4574.0,23396.225087365587,5182.240913978494,5828.937163978496
1144060000,1,4,2,5,14212.0,5981.0,2927.0,19815.367405913974,7176.580745967737,4064.7916532258023
1144061000,0,2,0,2,16820.0,4817.0,3164.0,18783.341303763435,5499.536754032255,4220.093340053762
1144063000,1,2,1,4,21906.0,6612.0,5113.0,21248.72459677418,5354.572970430105,5324.694852150536
1144065500,1,3,1,7,24288.0,8598.0,5297.0,28808.509717741887,10254.295000000016,5886.070725806456
1144066000,0,13,0,12,23500.0,10750.0,4802.0,62774.98483870969,30255.476861559076,9153.254341397856
1144068000,1,2,0,5,15629.0,6168.0,3829.0,20007.039717741933,6864.9495766129,4093.9063104838747
1144069000,0,0,0,4,18437.0,6376.0,4996.0,20595.18673387095,6134.546579301081,4368.198145161291
1144070000,0,1,0,4,17184.0,5191.0,4580.0,17850.47995967744,4380.152412634409,4347.592271505377
1144071000,0,0,0,4,13782.0,5549.0,3322.0,16241.846249999995,5782.768178763444,2953.455766129029
1144072000,0,2,0,4,18316.0,6203.0,4530.0,22153.736565860218,6156.427849462367,5197.866021505376
1144073000,0,1,0,6,38164.0,13521.0,9454.0,38414.569731182826,10842.219153225815,9095.772795698927
1144074000,0,2,1,2,29119.0,7782.0,6552.0,49914.155947580664,14933.85622311827,11251.79413978494
1147051000,0,3,1,3,29901.0,5268.0,5649.0,35886.88863575268,8827.2046908602,8617.200651881725
1147052000,0,0,0,5,27851.0,8869.0,7379.0,29173.841861559093,7317.508581989256,7182.579879032252
1147053000,0,0,3,3,20674.0,6487.0,5970.0,14393.11552419357,3367.7945631720504,3756.2896505376343
1147054000,0,0,1,4,23687.0,6164.0,5677.0,21283.245208333316,5157.282177419356,5853.484341397846
1147055000,0,1,2,0,40547.0,6928.0,8153.0,44539.06246639781,10094.683387096788,10204.280443548385
1147056000,0,1,0,6,18527.0,4208.0,7076.0,18817.399079301063,3515.304623655917,5117.453662634407
1147057000,0,0,1,3,20395.0,4767.0,6494.0,12796.571458333334,2666.1916733870903,3142.80133736559
1147058000,0,1,1,4,13612.0,3190.0,4951.0,13894.498151881719,2982.8012096774155,3655.151969086019
1147059000,0,0,0,2,16714.0,3606.0,5415.0,10672.805033602155,2107.734314516129,2649.4069690860233
1147060000,0,0,0,2,13667.0,3565.0,4234.0,13618.282224462357,3009.1525604838707,3395.633501344088
1147061000,0,1,1,2,13694.0,3387.0,3269.0,14990.34418010751,3205.173420698924,3543.7775739247368
1147061100,0,2,1,4,17890.0,4231.0,6842.0,18738.17483870969,3489.2501814516077,5063.342096774194
1147062000,0,2,0,4,19444.0,3600.0,4553.0,16053.266895161298,3323.1048252688183,4185.48831317204
1147063000,0,0,0,3,18457.0,3435.0,4471.0,18365.506061827928,4167.8992137096775,4459.872896505382
1147064000,0,2,0,4,47403.0,11216.0,13102.0,51910.392318548395,11201.417829301077,14125.69625000001
1147065000,0,1,0,6,31065.0,9495.0,9489.0,36298.8963575269,9428.398091397848,8825.629314516122
1147067000,0,1,1,0,23845.0,4697.0,5228.0,21202.7279704301,4358.171955645168,4976.751592741938
1147068000,0,1,1,1,27715.0,5423.0,8323.0,28762.22256720429,6013.946693548386,7071.582311827942
1150051000,0,1,0,2,41090.0,12487.0,8024.0,37537.770672043,9335.04492607527,8393.002661290315
1150052000,0,1,1,3,24864.0,11161.0,4948.0,26984.030235215087,7826.580483870971,5600.2761424731125
1150053000,0,1,0,2,18979.0,5791.0,5487.0,18829.88308467742,4496.8206787634335,4611.096854838715
1150053500,0,1,3,3,28563.0,7434.0,10820.0,31368.43630376345,7906.977869623649,7297.408776881719
1150054000,0,2,1,7,49493.0,17945.0,13832.0,48230.37168682804,12759.02061827957,11077.070295698917
1150055000,0,0,0,2,16676.0,4715.0,4787.0,10103.202345430125,2514.4953561827992,2442.2792473118266
1150056000,0,0,1,2,20535.0,5616.0,6536.0,18755.22973790322,4502.361706989252,4403.460934139793
1150057000,0,1,0,5,18974.0,4877.0,6307.0,20313.411478494603,4577.064865591396,5286.224616935479
1150059000,0,0,2,3,31745.0,10796.0,8302.0,31329.546377688235,8355.515450268813,7167.673232526881
1150059100,0,1,2,6,25428.0,8924.0,6794.0,27247.90961693551,7633.589327956992,6090.1961827956975
1150059300,0,0,0,2,22412.0,6689.0,6957.0,28809.176357526892,7260.595020161283,6962.18419354838
1150060300,0,3,1,5,33391.0,16356.0,5896.0,56684.97577284952,18412.338138440835,11464.45106182797
1150060400,0,1,0,0,12947.0,3266.0,6166.0,14170.46161962363,2446.378091397846,3023.302049731181
1150060500,0,1,0,1,13381.0,3901.0,5267.0,12743.817587365591,2481.0285685483873,2952.562641129032
1150061100,0,0,0,4,34773.0,7929.0,8365.0,45203.34290322589,11455.2802419355,11332.378958333331
1150061500,0,1,0,4,43655.0,10604.0,10030.0,40065.06051747309,9826.340483870974,9124.7596639785
1150062000,0,0,2,6,28684.0,8043.0,6749.0,43608.20502016128,11774.514415322612,10016.171538978508
1150063000,1,2,1,6,40009.0,9482.0,11154.0,42003.29753360217,9330.971330645165,10501.191579301078
1150064000,0,0,2,5,22761.0,6789.0,7684.0,35284.439166666605,8884.45288978494,8465.104361559133
1150064100,0,2,0,2,21351.0,4991.0,8000.0,22150.52336021506,4093.59495295699,5504.733319892466
1153051000,0,2,0,1,35749.0,9844.0,7885.0,37994.281276881695,9450.464038978498,8797.710873655904
1153052000,1,0,0,0,20120.0,5814.0,4769.0,18465.138245967722,4471.195517473118,4269.930067204302
1153053000,7,1,0,6,21742.0,5260.0,8491.0,26292.75782258066,5471.195954301073,7787.584153225803
1153054000,0,2,0,4,22617.0,8596.0,5363.0,42150.35977150539,13809.140477150526,9072.660060483877
1153055000,0,3,0,5,17726.0,4760.0,6732.0,18096.67062499998,3395.540544354836,4991.595026881726
1153056000,1,6,0,5,28571.0,10222.0,7802.0,36043.30898521502,9695.610826612901,8955.467392473138
1153059500,0,1,0,4,8739.0,3059.0,2988.0,9938.804025537645,3492.982983870966,2275.1138642473124
1153072000,0,2,0,6,26193.0,8069.0,7153.0,30794.680940860242,7754.871055107518,7352.3387903225785
1153073000,0,1,0,6,24924.0,5775.0,8461.0,17235.55061827958,3404.4364381720447,4434.144973118283
1153074000,0,0,0,3,33192.0,8767.0,10653.0,32992.828521505435,6831.222271505364,8289.962258064503
1153075000,0,1,0,2,29240.0,7314.0,10000.0,26997.823326612932,5937.307365591394,6659.9967405913985
1153076000,0,0,0,4,18700.0,4314.0,6774.0,15291.05713037635,2856.0353561827965,4034.463118279577
1153077000,1,2,0,5,22660.0,8581.0,6243.0,19135.60319220428,5562.263420698925,4006.3293481182804
1153078000,0,1,0,3,35878.0,8178.0,11081.0,40913.145060483825,8590.8996639785,10209.667849462374
1153079000,0,1,1,6,21832.0,5081.0,7491.0,22707.08644489244,4728.910504032258,5828.076525537633
1153080000,0,0,0,0,15946.0,3726.0,3152.0,11567.542916666684,2473.788649193551,2437.618286290325
1154551000,0,1,0,5,25373.0,14111.0,4660.0,67279.49389784949,25069.17379704298,14841.56144489248
1154561000,0,2,6,7,47506.0,19418.0,10486.0,49232.231787634475,14898.428615591396,11563.307997311837
1154562000,0,0,1,3,17115.0,4519.0,6061.0,13916.639536290322,3139.7725470430123,3773.860181451612
1154563000,0,0,0,6,22673.0,6732.0,7935.0,17966.52731182797,4306.081310483869,4746.516901881722
1154564000,0,1,2,3,13822.0,3507.0,5080.0,14044.655302419338,2968.808776881725,4281.760376344088
1154567000,0,2,6,10,31290.0,8744.0,10211.0,29710.64967069891,7026.119307795692,7899.973797043013
1154568000,0,0,2,1,19912.0,4082.0,6803.0,18045.137715053756,3449.6635752688157,4911.509381720434
1154569000,0,0,0,4,9981.0,2370.0,3801.0,12195.989543010755,2374.4393481182788,3507.5648655913983
1154570000,0,0,1,2,18352.0,4077.0,7058.0,18027.37487231178,3418.5235080645157,5129.652795698923
1154571000,0,5,1,4,17266.0,3873.0,6723.0,14334.140631720418,2639.5338373655914,4306.517184139779
1156051500,0,2,2,5,20288.0,5703.0,6520.0,17695.065860215058,4243.744549731177,4615.620181451608
1156053500,1,4,3,16,31162.0,17117.0,5339.0,50073.28663306448,17822.263797043015,10173.09106182795
1156054000,0,1,1,3,34066.0,8627.0,9386.0,105656.13929435489,33104.8487432795,23369.088770161266
1156055000,0,0,0,7,21052.0,8756.0,5108.0,26690.078118279576,7641.172943548377,6021.149374999991
1156056000,0,0,0,5,36289.0,14588.0,7417.0,40518.81186155914,12910.290383064503,8263.355423387095
1156058500,1,1,0,5,17605.0,5944.0,5136.0,19102.45153225805,4721.757997311825,4748.255040322585
1156060500,0,4,2,8,31258.0,8652.0,6906.0,44823.560215053825,11906.73491935483,10176.446827956986
1156061000,0,0,0,4,18215.0,7510.0,3495.0,22909.008487903207,6740.607815860218,4838.723803763439
1156062000,0,0,0,4,22502.0,9111.0,4391.0,27145.751780914023,7957.6510282258,6152.611854838716
1156063000,0,0,1,5,18947.0,7040.0,5348.0,19834.659731182797,5515.55999999999,4637.00668010753
1156065000,0,0,2,3,16010.0,4305.0,5023.0,11873.947419354825,2961.642083333331,2883.680577956988
1156066000,0,0,2,2,11828.0,3072.0,3774.0,11683.827103494625,2823.8348991935472,2772.4739784946246
1156067000,0,0,0,3,9547.0,2211.0,3121.0,8047.285672043017,1658.5990524193514,2088.037526881722
1156068000,0,1,1,8,17754.0,6229.0,5041.0,17081.224240591415,4631.411081989246,4020.9722782258013
1156069000,0,0,1,1,19394.0,5449.0,4257.0,18684.722620967743,4464.401162634409,4358.091465053761
1156070000,0,0,1,6,13204.0,3401.0,4803.0,14427.50430779573,3107.0847177419414,3918.3945698924745
1156071000,0,0,0,6,11436.0,3588.0,4023.0,11991.909569892472,2991.0898185483816,3197.1610416666667
1156072000,0,1,0,5,20805.0,5610.0,7334.0,20588.392264784954,4315.610020161288,5855.37204973118
1159051000,0,2,1,6,32742.0,12321.0,8886.0,36011.952311827954,13078.81921370966,7351.538326612899
1159052000,1,1,0,3,7782.0,3144.0,2411.0,11537.65741935484,3631.08725134409,2606.2758870967746
1159053000,1,2,3,7,43752.0,16128.0,11185.0,40738.68918682801,13654.415483870956,8978.119099462372
1159054000,1,3,0,4,26876.0,7891.0,6696.0,25657.454206989212,6502.999374999997,6204.078198924732
1159055000,0,0,0,2,23377.0,7687.0,7088.0,21028.742399193543,5381.342493279576,5181.222412634408
1159056000,1,1,0,4,28787.0,8919.0,8378.0,24468.91231854837,6185.609979838702,6184.912029569892
1159060500,0,3,0,5,29846.0,8302.0,7815.0,32763.46723790326,8801.254112903232,8158.052150537652
1159062000,0,2,1,5,22140.0,9786.0,5744.0,25879.446176075326,8538.900201612909,5272.102620967752
1159063000,0,0,0,3,27677.0,7671.0,8411.0,31527.300745967696,7119.4201680107735,7634.946196236574
1159064000,0,2,0,2,23093.0,6324.0,6960.0,18721.709052419363,4088.9575134408615,4471.8535551075165
1159065000,0,1,0,3,13534.0,4530.0,4159.0,13079.045309139783,3356.584334677419,3037.51112231183
1159065100,0,3,1,2,13791.0,4390.0,3715.0,14401.539623655915,3320.257889784941,3386.7873521505403
1159066000,0,2,1,5,33698.0,10322.0,8131.0,34388.235060483916,9466.186014784944,8125.902473118267
1159067000,0,0,0,3,22775.0,6369.0,6225.0,21799.611081989256,5466.399206989242,5499.451034946234
1159068000,0,1,0,3,22054.0,7599.0,5143.0,24886.8574865591,6735.087177419364,5711.2929973118335
1162052500,0,0,1,3,22968.0,8170.0,6793.0,21114.776693548385,5952.49216397849,4859.942903225805
1162054500,0,1,1,1,14276.0,3917.0,4158.0,8589.170799731175,1552.5982795698928,2193.8743346774163
1162056500,0,0,0,2,29674.0,7615.0,8409.0,24220.86931451616,5215.9418279569845,6316.47895833333
1162057500,1,1,0,4,28418.0,13431.0,6502.0,28993.846276881723,10698.437735215051,5426.827533602152
1162058500,0,3,0,1,17524.0,10055.0,2898.0,22832.850524193538,10313.3871639785,3675.1457862903194
1162059500,0,0,2,6,35843.0,19182.0,6925.0,37234.1288776881,15407.499549731167,6537.509643817201
1162060500,0,0,0,4,31396.0,10007.0,8882.0,31685.25614919355,8455.951303763437,7574.6261626344185
1162061500,0,0,0,2,15167.0,7844.0,3417.0,13668.078649193569,5249.9793951612955,2358.3823319892467
1162062500,0,0,0,3,24908.0,10699.0,6169.0,22681.390087365617,7659.56690188173,4647.369805107531
1162063000,0,0,0,1,17248.0,7179.0,4471.0,21743.081357526877,7209.713561827962,4441.799489247312
1162064500,0,0,1,3,22792.0,11465.0,5030.0,26846.18424731184,11015.492291666662,4869.676001344083
1162065500,0,0,0,5,17199.0,7369.0,4735.0,15168.730584677447,5472.391169354843,3206.060887096774
1162066500,0,6,1,4,23462.0,10537.0,5594.0,19561.19181451612,7047.844206989238,3920.0757056451635
1162068500,0,3,0,6,22012.0,10188.0,5363.0,19448.25114247311,7379.677493279577,3625.903642473119
1162069500,0,1,0,3,23109.0,15298.0,2935.0,26493.676559139793,13051.338138440831,3782.398064516135
1162071500,1,0,0,1,14435.0,3017.0,4372.0,13086.903682795699,2483.4716129032236,3776.3371505376367
1162072500,0,1,0,6,19780.0,9002.0,4723.0,23917.98240591401,7817.040450268822,5281.766774193551
1162073500,0,0,0,3,24672.0,11758.0,4974.0,32751.225329301054,14293.98549731184,6331.604065860213
1162074500,0,0,0,6,20039.0,4210.0,8194.0,23639.77064516132,4402.056659946227,6295.993125000006
1162076500,0,0,0,5,28472.0,7946.0,9291.0,27770.79158602152,6664.872385752683,6860.8440389785055
1162077500,0,0,1,5,24211.0,6522.0,8581.0,21881.33462365587,4969.881155913981,5956.60885080645
1165051000,0,4,2,6,19981.0,5870.0,4798.0,29429.76308467742,7938.559106182816,7132.109341397851
1165052000,0,2,0,2,24696.0,7899.0,4524.0,44717.348057795774,14153.519596774197,8874.16409274194
1165053000,0,13,1,7,32031.0,10509.0,7669.0,62345.295094086025,17531.506344086025,15253.228071236588
1165053100,0,1,0,0,29968.0,6254.0,6463.0,41247.756861559166,12594.461411290315,9033.770342741927
1165054000,0,3,0,3,34773.0,8354.0,7189.0,39735.63111559132,9814.889469086025,9975.674146505384
1165055000,0,0,0,1,216.0,42.0,55.0,6074.868225806452,1533.8775873655904,1795.894260752687
1165056000,0,1,0,2,33256.0,8221.0,6063.0,37325.68134408604,9690.234489247314,7931.385557795691
1165057000,0,2,1,0,26441.0,4900.0,5253.0,27332.82485215059,6156.309368279576,6740.943904569885
1165058000,0,0,0,0,23629.0,5145.0,4942.0,23755.7778293011,5502.234966397852,6251.902775537642
1165058100,0,2,0,6,18267.0,4176.0,4413.0,40611.6173655914,10487.423548387085,10001.160147849465
1165059000,0,3,0,6,19972.0,4594.0,4843.0,19159.721787634404,4519.633655913972,4889.250618279566
1165060000,0,0,1,4,16274.0,4589.0,4402.0,18200.2202956989,4529.905430107532,4174.422614247308
1165061000,0,0,1,5,17558.0,4732.0,5228.0,22883.45728494622,5892.856424731187,5440.521182795701
1165062000,0,0,2,4,15518.0,3464.0,4413.0,17169.497163978504,3795.4258467741906,4499.1901344086045
1165062100,0,2,1,6,23818.0,6123.0,5546.0,27589.08213037631,6658.304247311831,6950.280638440852
1165065100,0,5,1,8,40612.0,10255.0,11312.0,58488.16336021512,15250.621888440855,13605.747358870956
1165065200,0,1,1,9,20726.0,7043.0,5056.0,39656.67370967741,10858.96506720431,10066.386115591402
1165066000,0,1,1,4,16692.0,3634.0,5000.0,24165.665087365596,5762.568588709674,5997.048857526883
1168051000,0,7,0,5,15081.0,3679.0,4173.0,29593.829610215045,8933.886176075273,6330.404717741923
1168052100,0,2,1,8,20647.0,8570.0,4348.0,40336.76110887099,13948.92786962366,7546.827594086032
1168053100,0,5,2,9,20109.0,6902.0,4532.0,39663.0874462365,12502.096182795713,7946.920154569894
1168054500,0,12,1,7,25444.0,5332.0,7241.0,41468.435813171986,11764.993353494616,8980.246807795686
1168056500,0,12,0,12,25217.0,6555.0,6244.0,41030.16957661293,11280.863702956995,9022.440739247315
1168058000,0,9,1,6,12689.0,3250.0,3602.0,44986.06110215052,14764.243561827952,9485.129610215063
1168059000,0,4,0,6,30301.0,8316.0,5727.0,38986.30407930103,10238.94743951611,9093.933635752686
1168060000,0,1,0,1,23762.0,3367.0,4037.0,30253.00028897841,7714.624637096784,6418.581538978496
1168061000,0,3,1,4,38483.0,6737.0,8202.0,49762.46911290326,12857.04799731183,10686.16254032259
1168063000,0,3,1,7,17980.0,5773.0,3210.0,42214.87377688169,13965.865053763451,8617.284307795688
1168064000,0,8,2,14,34174.0,15864.0,5713.0,101280.0929301075,39826.781444892455,17242.988440860212
1168065000,0,1,3,4,36100.0,8672.0,5486.0,49548.246270161195,14419.068272849474,10978.867204301081
1168065500,0,3,1,4,20720.0,5167.0,4760.0,30552.07504704307,8262.40748655914,7063.173219086024
1168065600,0,2,1,2,32088.0,6188.0,7674.0,29273.377802419393,5921.433084677426,7872.777795698937
1168066000,0,0,0,1,26627.0,5360.0,6256.0,26379.99168682799,5431.053071236558,6364.758501344088
1168067000,0,2,0,2,42035.0,10204.0,8557.0,34432.30288978494,6939.0196169354995,8478.481014784946
1168067500,0,0,0,0,15920.0,3753.0,4654.0,17079.15275537636,3488.6586827957008,3855.4853427419357
1168069000,0,1,2,5,22974.0,6146.0,5725.0,24301.676397849486,5760.573642473122,6144.638642473113
1168070000,2,3,2,5,45955.0,12747.0,10956.0,46603.3885954301,11119.181081989243,10083.196189516128
1168072000,0,1,0,0,22417.0,4531.0,5315.0,27048.107405914005,5602.731908602153,6632.082506720427
1168073000,0,0,0,1,14074.0,3888.0,4900.0,16554.34357526882,3559.109375000002,4097.271384408604
1168074000,0,2,0,0,0.0,0.0,0.0,0.0,0.0,0.0
1168075000,1,1,1,1,13533.0,2813.0,6622.0,24141.5790524194,4780.969919354837,5517.815356182801
1171051000,0,3,0,2,10753.0,2561.0,4019.0,10341.994267473103,1968.7987231182765,2729.755208333329
1171052000,0,0,0,0,22922.0,6720.0,6215.0,33875.42071236557,7670.1126881720575,8602.545927419367
1171053100,0,1,0,2,11725.0,2996.0,4008.0,11095.691041666678,2350.648508064515,3124.1655241935464
1171053200,0,1,0,2,23058.0,5642.0,6943.0,22601.53870967741,4593.659287634409,5909.734744623649
1171054000,0,1,0,2,15169.0,3238.0,5758.0,11364.561236559133,2541.3662701612916,3183.501243279571
1171055000,0,0,0,4,16961.0,3630.0,6797.0,16851.470107526864,2889.092715053769,4961.888884408601
1171056100,0,1,0,3,14926.0,4016.0,3912.0,17879.972479838725,4682.351250000004,4129.497231182796
1171056200,0,3,0,7,26189.0,11618.0,5768.0,35552.76862903224,12219.597197580659,6709.1123857526845
1171056600,0,0,0,0,17522.0,3294.0,4829.0,23705.39096102151,5727.218797043009,5533.255228494628
1171057000,0,1,0,8,37150.0,9397.0,11192.0,37866.16497311818,8092.773145161295,10055.033568548393
1171058000,0,4,2,4,22867.0,9195.0,5563.0,27595.615282258088,8778.138534946243,5582.047788978496
1171059000,0,1,0,1,19313.0,5069.0,5035.0,17644.557305107523,4293.804314516123,4086.3136357526823
1171060000,0,4,0,7,30086.0,11531.0,7419.0,33915.895725806455,9585.726982526889,7599.811458333318
1171061000,0,2,1,3,28369.0,10809.0,6616.0,25891.37221102148,7007.609455645171,5654.28475806452
1171062000,0,0,0,6,24534.0,7731.0,6739.0,38436.87627688174,10141.645060483883,9550.943602150537
1171063100,0,0,0,1,26960.0,6279.0,6222.0,28259.978642473092,5810.431391129038,6644.797735215062
1171063200,0,0,0,4,28574.0,7769.0,6827.0,24977.800752688145,6235.146364247303,6028.835268817199
1171064100,0,1,0,3,19614.0,6378.0,5377.0,21689.162977150543,5843.150705645149,5097.450295698925
1171064200,0,0,0,2,28687.0,11640.0,6229.0,47635.11870967739,14130.118393817205,10730.428461021513
1171064600,0,1,2,3,30677.0,8673.0,8082.0,30028.530678763436,7013.353750000007,7391.629274193536
1171064700,0,0,0,0,44962.0,10339.0,6667.0,42437.42141801081,10549.656236559142,9189.626323924727
1171065000,0,0,0,4,27298.0,11052.0,6193.0,30726.71711021507,9528.656686827971,6462.149448924742
1171067000,0,2,0,0,34626.0,6380.0,5816.0,36477.66307795698,9071.405443548381,8211.220530913983
1171068000,0,4,0,0,33638.0,6520.0,8919.0,45253.862372311865,11256.486955645167,10263.067923387109
1171069000,0,3,0,1,21148.0,4116.0,4601.0,30489.25745295705,6369.04980510752,7117.088057795696
1171071000,0,3,0,1,16299.0,3535.0,4509.0,37159.44921370966,12164.128333333334,7438.958239247329
1171072000,0,2,0,0,9323.0,1940.0,3190.0,10786.059280913982,2512.0837634408604,2583.1532930107546
1174051500,0,0,1,1,34345.0,7510.0,9405.0,35256.08104838708,7485.67761424732,8245.152163978504
1174052000,0,1,0,1,0.0,0.0,0.0,0.0,0.0,0.0
1174052500,0,0,0,0,39009.0,7699.0,8410.0,39984.02106854834,8602.238467741941,8790.794643817206
1174052600,0,0,0,0,13310.0,3324.0,3008.0,16551.307721774203,4005.269260752685,3618.727137096775
1174053000,0,0,0,3,24637.0,5999.0,6671.0,26416.98463037639,5588.272452956991,6228.708172043013
1174054000,0,1,1,2,16868.0,3645.0,4298.0,16012.05497311826,3872.2315524193486,3438.115362903217
1174055000,0,1,1,1,23684.0,3953.0,4894.0,22129.62896505377,4368.4590389784935,4874.727177419351
1174056000,0,0,0,3,26256.0,6326.0,5524.0,24907.876357526868,5207.3273252688205,5618.5342809139765
1174057000,0,1,0,4,32675.0,8532.0,10169.0,34224.7527419355,7839.00936155913,8608.238413978492
1174058000,0,2,0,3,14539.0,4342.0,3910.0,15081.06860887096,3332.4745026881724,3777.4958938172035
1174059000,0,0,0,0,16830.0,3578.0,4348.0,19983.197432795707,4071.8936290322536,4782.182701612909
1174060000,0,1,0,5,25025.0,6701.0,8603.0,23769.156995967733,5196.724959677419,5991.3974529570005
1174061000,0,2,1,7,34829.0,11352.0,10131.0,41528.416686828015,9784.166955645165,10328.317446236566
1174062000,0,1,0,4,26294.0,9510.0,7532.0,28897.49528225811,8042.681680107515,6584.481223118274
1174064000,0,2,0,5,18917.0,5339.0,5104.0,21470.93548387096,5038.684247311824,5351.420262096776
1174065000,0,0,0,3,24236.0,8673.0,7152.0,25490.595094086057,6665.360860215043,5767.669583333326
1174066000,0,2,0,5,21539.0,6258.0,6444.0,28414.946330645125,6779.956975806461,7113.846780913989
1174068500,0,1,0,8,48199.0,14902.0,14183.0,59211.27991263438,14222.580557795718,14408.861700268826
1174069000,0,0,1,0,32743.0,8438.0,6914.0,30615.70058467738,6527.447385752681,6688.228319892476
1174070000,0,0,0,5,25192.0,6985.0,7216.0,26220.47061155912,5942.708380376345,6414.343870967739
